epoch,time,train/box_loss,train/cls_loss,train/dfl_loss,metrics/precision(B),metrics/recall(B),metrics/mAP50(B),metrics/mAP50-95(B),val/box_loss,val/cls_loss,val/dfl_loss,lr/pg0,lr/pg1,lr/pg2
1,12808,1.45869,1.83233,1.6206,0.75721,0.58123,0.66035,0.45807,1.50977,1.72472,1.78041,0.000554901,0.000554901,0.000554901
2,26195,1.42075,1.59768,1.59134,0.79486,0.7067,0.74116,0.53098,1.31237,1.43238,1.64542,0.000890675,0.000890675,0.000890675
3,39984.7,1.32496,1.44263,1.52535,0.83625,0.76288,0.79823,0.59407,1.1667,1.07961,1.51147,0.00100641,0.00100641,0.00100641
4,52692.8,1.23314,1.27309,1.45694,0.85009,0.79755,0.82173,0.63187,1.08618,0.93311,1.45824,0.000676802,0.000676802,0.000676802
5,65374.6,1.14544,1.14084,1.40161,0.87306,0.83384,0.84996,0.66194,0.98166,0.77384,1.36902,0.000346736,0.000346736,0.000346736
